user_id,user_name
0,deadalus22
1,gayartkid
2,tuoto
3,bkkirby
4,zach_nabors
5,eclectic_em
6,staceyb
7,offensivename
8,chrisvfeil
9,therealmattc
10,thedayofthedot
11,bethanylola
12,iwannabeadir3ct
13,samthompson22
14,fahrenuwu
15,jotyco
16,fly_you_fools
17,astro_
18,ajschlecht
19,elaurapictures
20,movieswithdes
21,tessicat
22,lxepicz
23,petricor
24,thejoshl
25,locarbmonster
26,screamqueen_97
27,sehnzeleid
28,elcochran90
29,cheeseheadfoamy
30,mosquitodragon
31,hail_freyr
32,zeromantis
33,jeaba
34,notannafaris
35,alewatchesfilms
36,samherbst
37,ahutchinson
38,chloeac
39,timmyw
40,deathisland
41,kasarin
42,falonwillow
43,se13an
44,sean_chavel
45,kevintporter
46,ironwatcher
47,darthrustyy
48,andredenervaux
49,gayloser237
50,madmann14
51,katalas
52,tediously_brief
53,t800
54,localhero_
55,transcendedpat
56,repeep
57,cbarky79
58,dpalm34
59,housesofwax
60,nahuutwm
61,garfofgalaxy
62,joshadams10
63,jack138
64,juggernaut323
65,eltopo68
66,jbump1
67,benraimondo
68,ashleepradella
69,jasondashbailey
70,shawn_stubbs
71,brickbybrickyt
72,cmzuidema
73,psychopike
74,mevsmatze
75,megorwhatever
76,marna
77,drewmcweeny
78,notjeffknight
79,flaska11
80,ddarko42
81,erf45
82,javicueto
83,lexnovak7
84,troythrace
85,crduffy97
86,jbouie
87,philbertdy
88,oldfilmsflicker
89,harry72
90,tryavna
91,ronr3xxx
92,prolelol
93,ftrtglenn
94,nickmcc2
95,heythisisjames
96,barrick
97,noir1946
98,willbrittain
99,kinggame
100,bbergman11
101,flynnryder
102,cinemadelrey
103,ashursey
104,dakotanoot
105,drscott96
106,chasereinoehl
107,aarnwlsn
108,mardarrius
109,barbiechlmt
110,joshalmeida
111,ashtonkinley
112,crunchcookie
113,infinityinc
114,calvinkemph
115,lyvie
116,catelyn
117,kevlarx
118,realkinoshit
119,bjo_bro007
120,amandaayoung
121,gahannajd
122,rottent33th
123,thisisalexei
124,mirrori
125,jacobdotgov
126,jameskl
127,joshtenet
128,voicelikehoney
129,shookone
130,loomis5678
131,larsenonfilm
132,elihayes
133,filmwitchpod
134,caleb_yells
135,lorenzol
136,coz22998
137,denduffy
138,filipe_furtado
139,seahorseronan
140,deaner50
141,cameronkanachki
142,thelistislife42
143,mattgoldberg
144,fisackerly
145,hottoiletwater
146,gaymafia
147,jakealdacoffey
148,kevinjacobsen
149,kevin_robbins
150,thelastsith
151,wiccaburr
152,mali6u
153,c05m1c57r4n63r
154,griffschiller
155,sonnywortzik
156,asimpollard
157,jason_alley
158,kay_mac
159,naughty
160,eric_peartree
161,sartoriallyinc
162,pakejanek
163,voyage1969
164,foomaj
165,jawclick
166,lilliancrawford
167,marktinta73
168,jfcdoomblade
169,gunthergoldfish
170,bwishart
171,subsahaaron
172,blairrussell
173,jackking888
174,aliciadaphnex
175,kmeeks
176,cold_hashbrown
177,jrwhite
178,cotiebowtie
179,justjoshings
180,wrightdobiez
181,rockmarooned
182,andrerseits
183,philippeleao
184,kattrout
185,eyebrowcinema
186,phantasmes
187,cjwalsh27
188,gentryaustin
189,evasive
190,jryn7
191,jojo731
192,gemko
193,robobalboa
194,annreinking
195,will_sloan
196,theriverjordan
197,mrpeepers
198,cowends
199,foggyfeather
200,trippwith2ps
201,erspamer_matt
202,busiestphilipps
203,hilyelo
204,ultimateparker
205,efw
206,007filmreviwer
207,hbarletto242
208,rje1
209,spoonietox
210,livmendel
211,repojack
212,systemterror
213,vonnyalex
214,cwelynn
215,diegowaffles
216,mikflix68
217,burakcurak
218,ziglet_mir
219,lennfilm
220,darrencb
221,janehen
222,dillamonster
223,cam864
224,misterafrosushi
225,sharktale
226,horrorsage
227,hutchsgun
228,eely
229,fifeco
230,teamedward
231,doc_white
232,aaronh
233,auteur
234,tajlv
235,jasoncawood
236,nowhere1997
237,pads321
238,solh
239,iamjaywood
240,capitao134
241,superpulse
242,strawhatsanti
243,zacblonded
244,jaxjax
245,ereh_
246,bennhorror
247,davert22
248,sammeltzer
249,sarahabob
250,theironcupcake
251,jesstra24
252,truman
253,vaiouu
254,iovewitch
255,alyoliveira
256,lawrenceeeeeeee
257,aegxpredator
258,dkmarzipan
259,clutchcinema
260,msicism
261,pobrecito
262,calvindyson
263,woahitsjuanito
264,saruuuuuuugh
265,kevincormier
266,leedoesnotexist
267,josecanas
268,lopezzmovies
269,masonpatten
270,domxrm
271,volcanicdanvers
272,chicofireman
273,zaragwen
274,mazinkaiser19
275,watchingamovie
276,miag0th
277,itsrambb
278,levibloodmobile
279,ttyllucy
280,cammmalot
281,brokeboyinfilm
282,joepack
283,kjacob73
284,mrppeeps
285,shinybeast
286,henryg9876
287,marshayame
288,justindecloux
289,bdgrabinski
290,christofn
291,liz71
292,zzatara
293,az93
294,alimovieguy726
295,tylekurner
296,mitchxsns
297,v3n0m0u5
298,slutlv
299,undergroundman
300,gregorywkent
301,iamthatroby
302,stautis
303,duscher
304,mikywee
305,mjthornton
306,braydenshea
307,filmlifestyle
308,gaygialli
309,gen7
310,comrade_yui
311,brianformo
312,russellhfilm
313,perksofbeingnat
314,puffyjacket
315,cocoapowder
316,kevflixandchill
317,craiggles
318,voidblazeyt
319,isaiah_ad
320,devanagscott
321,filmcal
322,smogo
323,ellakemp
324,reedagd
325,therealjk
326,quantumpotpie
327,lebowskidoo
328,riotglasses
329,danielle41515
330,killjoyandproud
331,leonvegas
332,blondeimage
333,hauntedhippie
334,annanomaly
335,jdtheprezodent
336,jake_ziegler
337,carter1331
338,gniola
339,accountnamehere
340,mrtnspckr
341,demontrees
342,tylercwhitmore
343,jeffdlowe
344,mjsays
345,drewgregory
346,acbrew
347,thesparkknight
348,mushiminion
349,rosylns
350,rubenqk
351,muddymitch
352,hotsake
353,fuchsiadyke
354,herman2181
355,davidcavazos
356,strawberryskyy
357,va24mar
358,brendanmichaels
359,j1w_gtpl
360,beegproductions
361,traintobusan
362,apat100
363,mayhemkvlt
364,just2good
365,belledejour
366,finchsam
367,lawyerstatus
368,theostrichjames
369,syauqiansyah
370,thejoelynch
371,shaugahaga
372,screeningnotes
373,fantasticmrjeff
374,cswood
375,rachelleishman
376,mrlukeb
377,eagan94
378,saunderst
379,boley
380,slayingthestars
381,moviemattmovie
382,bethbecomesher
383,bjorkshandy
384,alonsodvt
385,ur_mom_lol
386,kylielemaster
387,dankwit
388,miau
389,cesarandrzzz
390,amyja89
391,ecarpegg
392,erikux
393,spacecandet
394,janaefilms
395,slim
396,stephenage
397,t3ssahh
398,davidlsims
399,darkcollector
400,ghostdinosaur
401,colinandrews
402,hamburgersplash
403,moresbi
404,smacklesmores
405,john209
406,steelatoms
407,jack
408,sergioalpendre
409,barbiesswanlake
410,evilbjork
411,trainwrecktim
412,zacharymewborn2
413,willpoulter
414,mattybsaps
415,da94
416,hershwin
417,florences_oscar
418,thegaychingy
419,jhuffdaddy
420,nhspencer
421,ryd_my_winona
422,arranreviews
423,jaebursts
424,1godfella
425,acoucalancha
426,joshuasorensen
427,hkfanatic
428,gregorkreyca
429,tmgg
430,novathe13th
431,soundturnedlow
432,cormacmcnamee
433,dbfilms13
434,jjbjr
435,forgeyboi
436,bulletproofqpid
437,ladieswholunch
438,jakeperalta
439,afilmdude
440,lastcooldude
441,remobo
442,pandemoniun
443,rotch
444,delaney0573
445,damooney
446,sergioab
447,ethanbeach
448,timbrayton
449,cineaccess
450,scumbalina
451,thommy1801
452,tompines
453,dunkingcharlie
454,balanders
455,lexiamoriello
456,hiddlesvariant
457,yankee88
458,bubbleboy
459,adaydreaming
460,badpizza
461,clockworkking
462,porksweats
463,hmayersohn
464,yo_roboto
465,alluneedis
466,morgtionpicture
467,feminaridens24
468,sakana1
469,spaceodditycore
470,dorysief
471,nightwing04
472,dizzle_sizzle
473,russman
474,optimstie
475,toontalks
476,simplecinema
477,yoghurtsgirl
478,tototoro
479,qjtbailey
480,codymonster91
481,stottiain
482,bilboballin
483,cinecaro
484,jaragon23
485,vadekawa
486,mikefinnerty
487,brianwcollins
488,aarkush
489,kaijuman
490,querelle
491,maskull
492,tracedthurman
493,jimfilm2002
494,estebueno
495,kylemiller_10
496,no_joy_division
497,gregs1999
498,danielcrooke
499,man5star
500,filmnotesnw
501,krautsalat
502,katiewalshstx
503,cyberphoenix001
504,rachel_remeny
505,coffeevirus
506,hadbranson
507,zoesmith
508,arkhamoutlaw10
509,sonnybunch
510,adamtyler
511,sapphicquinn
512,kyledunne
513,rstrahs
514,josiahmorgan11
515,teamgal
516,mescalist
517,qmoviereviews
518,barbiest
519,impressionblend
520,loureviews
521,geyeh
522,meteorrejector
523,courtneyb
524,cynicofcinema
525,synemastehsia
526,snarlingapollo
527,mcumagik
528,deathproof
529,dirkogonada
530,joshuadysart
531,poopiemovies420
532,dmartsfilm
533,kibriya
534,jewbo23
535,thepieperreview
536,filmexpress
537,martinslisbon
538,antoniusblock7
539,datzeldagirl
540,willhollis
541,lorrell
542,irishmovieguy
543,bvaluchova
544,corndogmaddy
545,mathias69
546,dreamscape40
547,idkclau
548,cinefan27
549,jeremy_e
550,hamfruitcake
551,garrettmcdowell
552,corrythemisfit
553,avalynwu
554,noeljpenaflor
555,robynsummer
556,kurushimi
557,bens_movielens
558,mrgeekboi
559,paperbackspugs
560,blakemower
561,jhilke
562,deanmfjones
563,shreesh832
564,silverscreen101
565,paradisewreck
566,nicknaney
567,pauliushub
568,horrormovielov3
569,atomicant
570,andyyoungfilm
571,johnholmes
572,maryannk01
573,kuntsuragi
574,mescalverse
575,schlockvalue
576,jamiejirak
577,nadwatches
578,jckdvnprt
579,blacklodgebimbo
580,lesaladino
581,spacetree88
582,the_rock
583,robotcookie
584,liammmmm
585,citizenhal
586,putinaspliff
587,elizaez
588,clbsilencio
589,mattluvsmovies
590,kyleamato
591,michaeleternity
592,aubra_
593,hochstrasser
594,kwight01
595,councillor3004
596,aleechaye
597,thedude27
598,miniike
599,bbeksinski
600,axxstin
601,eastanglia
602,georgecarmi
603,missflo
604,alehanbro
605,jurassicstark
606,simononfilm
607,benpatten02
608,michael11391
609,slasherhomo
610,amyhensarling
611,popofett
612,citizenkris24
613,rodstar
614,filmlovinglucy
615,jupinwhm
616,morganmartin
617,jakepcole
618,cinemanya
619,molliebo
620,matt_samahl
621,suspirliam
622,danzelvaughn
623,bryan_whatapic
624,timcop
625,jaywill
626,heyitsvasili
627,hewasthrfriendd
628,alaynaviolet
629,aubreythefrog
630,patrickpryor
631,epm101
632,wolfsothern
633,brifilms
634,jhuang98
635,hudsonrocks
636,mr_dulac
637,toddhaynes
638,tedlogan
639,riley_danson
640,zascmo
641,eviibag
642,franhoepfner
643,filmbitten
644,cinemaclown
645,brashbelle
646,kyloz
647,kelcib32
648,taylorfilmguy
649,taylorfilmguy
650,bitchvibrations
651,feedingbrett
652,ashmatxx
653,adamnotsandler
654,austinburke
655,marcissus
656,cultureshocker
657,uncoolcat
658,dz1ga
659,maxthemovieguy
660,simonramshaw
661,samcmac
662,ills
663,skipper_schutt
664,markmooney
665,byl_46
666,zrshelton
667,sheagallagher
668,scissorluvs
669,chavrosbaby
670,bloodcafe
671,purplehayes9
672,emasasic
673,ingridgoeswest
674,theblackphillip
675,himbohopkins
676,davidjams
677,schlockheart
678,juicylobster
679,jbird26
680,amad3us
681,darcjoseph
682,cinemaconsumer
683,benjigotfried
684,ashonfilm
685,kurstboy
686,afterlara
687,todd_gaines
688,elsergiomunoz
689,paulswhtn
690,punchdrunklizzy
691,indiasfilms
692,alovelynite
693,leowillem
694,fake_shemp
695,man_out_of_time
696,n3v3rw00rld
697,tonyterror
698,ginnyweasley
699,yorel1976
700,mrmoviesrd
701,dave_goleb
702,cinema_strikes
703,nibiru_truth
704,wesleystenzel
705,benmatthewempey
706,frankritz
707,cvall96
708,sophiaplanos
709,slimeluca
710,cine_brandon
711,bigmanfran
712,kurdt
713,brakywaki
714,cinema_made
715,ingleside
716,theendofcinema
717,kanye
718,flawed_lee
719,moscomovieclub
720,mitchell
721,bethanyinfilm
722,stephen_ny
723,dtahoek360
724,yurioalvez
725,j_overstreet
726,rickdeckard
727,brthrash
728,zanderific
729,shao_liu_ringon
730,hashbro
731,martinisheen
732,anasilvestre
733,hazyb
734,derzensor
735,harlequinade
736,incomingmail
737,fkagoregirl
738,jacobknight
739,fint
740,mattmahogany
741,davidehrlich
742,dankmccoy
743,vanityrex
744,brianimator_
745,leonorathelion
746,noahdivincenzo
747,dale_nauertz
748,grabmymask
749,betchjs
750,armsofeternity
751,oh_dae_su
752,manifesto734
753,coreywagstaff
754,vinny_simms
755,melanieduke
756,vegto389
757,channingpomeroy
758,nathanrabin
759,sexrayspex
760,gamegeek
761,dallasfrance
762,lowbacca
763,movieguyisme
764,frostyfoxx
765,cinemavoid
766,heredicarrie
767,forest7980
768,zoltarak
769,matthias_812
770,toombstoned
771,rdaniel55
772,yarjka
773,lukedavey2005
774,realkraftpunk
775,londono
776,rositi
777,dantheman2150ad
778,markkaiserman
779,pudgymccabe
780,alastorpalast0r
781,just_ken
782,handstomyself
783,therealmcavoy
784,jacob_mxs
785,eccyreviews
786,gbp_
787,jlalibs
788,artwithin
789,cinemalanguage
790,connormckenna
791,afields9
792,bratzzzgurl
793,spookything
794,reibureibu
795,dogfacedboy
796,lauren_brodauf
797,michelcvg
798,chodie_foster
799,protolexus
800,fgdalmeida
801,colintroy
802,steele98
803,mskp
804,steventhomas
805,127bluehearts
806,clairacurtis
807,phoebejl
808,nickofdasouth
809,cobbb
810,theportman
811,lifewithnopants
812,oscartracker
813,caseymalone
814,dungeonskramz
815,benhibburd
816,omahajon
817,bullseyest
818,cantinaband
819,bertz
820,jontelly
821,smilefromaveil
822,leahm85
823,stellaperry
824,leesahsea
825,000_leo
826,chrisemza
827,dorseyhorsey
828,zoerosebryant
829,brahski
830,cinema_snobb
831,kynky
832,sadfroggie
833,moviesarelife1
834,akcvtt
835,toombsinator
836,samvanhallgren
837,jrhovind
838,starbacall
839,kaiamlegend
840,jackednerd
841,connorcarey
842,thatoddchica
843,schaffrillas
844,slig001
845,threepenny
846,hallofjeremy
847,jaimerebanal
848,francesmeh
849,evilll
850,linaromay
851,skywvlkers
852,zoelovesfilm
853,michael_elliott
854,austin
855,anniewoj
856,hamburgerpimp
857,naked_airplane
858,swaghili123
859,kuryakinn
860,oliviathebi
861,asvpsuzie
862,ghoulgruel
863,jennaipcar
864,hourtohcur
865,drrobuttnik
866,grooveman
867,janeaustensbabe
868,oliviahockey
